timestamp,sensor_1,sensor_2
2024-01-01 00:00:00,54.96714153011233,36.99677718293001
2024-01-01 00:01:00,48.61735698828815,34.62316841456384
2024-01-01 00:02:00,56.47688538100692,30.29815184960087
2024-01-01 00:03:00,65.23029856408026,26.76531611147213
2024-01-01 00:04:00,47.658466252766644,33.49111656806795
2024-01-01 00:05:00,47.6586304305082,31.967426927108747
2024-01-01 00:06:00,65.79212815507391,34.47596610013866
2024-01-01 00:07:00,57.67434729152909,33.175859008409844
2024-01-01 00:08:00,45.30525614065048,35.247763576596675
2024-01-01 00:09:00,55.42560043585965,27.32382394219716
2024-01-01 00:10:00,45.365823071875376,36.58697032817163
2024-01-01 00:11:00,45.34270246429743,30.987998023461998
2024-01-01 00:12:00,52.41962271566034,40.37630436312632
2024-01-01 00:13:00,30.86719755342202,26.55406090955216
2024-01-01 00:14:00,32.75082167486967,38.67981901582625
2024-01-01 00:15:00,44.37712470759027,30.989553917313238
2024-01-01 00:16:00,39.87168879665576,26.74290998192776
2024-01-01 00:17:00,53.142473325952736,27.58057082972839
2024-01-01 00:18:00,40.91975924478789,28.3982634590284
2024-01-01 00:19:00,35.87696298664709,32.12082973200958
2024-01-01 00:20:00,64.65648768921554,32.6141774401775
2024-01-01 00:21:00,47.74223699513465,27.131499980307105
2024-01-01 00:22:00,50.67528204687924,29.878227038695087
2024-01-01 00:23:00,35.75251813786544,40.71135179305932
2024-01-01 00:24:00,44.556172754748175,38.637715850503554
2024-01-01 00:25:00,51.10922589709866,32.18161834837016
2024-01-01 00:26:00,38.490064225776976,30.190017390841
2024-01-01 00:27:00,53.75698018345672,30.600156633591308
2024-01-01 00:28:00,43.99361310081195,33.06758986365208
2024-01-01 00:29:00,47.083062502067236,24.886037174007974
2024-01-01 00:30:00,43.98293387770603,28.713117312883274
2024-01-01 00:31:00,68.52278184508938,21.657079630612053
2024-01-01 00:32:00,49.86502775262066,31.996115613026397
2024-01-01 00:33:00,39.422890710440996,33.2359796985137
2024-01-01 00:34:00,58.225449121031886,27.58406768850313
2024-01-01 00:35:00,37.791563500289776,37.869933816450164
2024-01-01 00:36:00,52.08863595004755,23.871171684988294
2024-01-01 00:37:00,30.403298761202244,22.6781255989509
2024-01-01 00:38:00,36.71813951101569,31.12225909279986
2024-01-01 00:39:00,51.96861235869123,35.23549151306077
2024-01-01 00:40:00,57.38466579995411,38.419638457289345
2024-01-01 00:41:00,51.7136828118997,27.7055786856553
2024-01-01 00:42:00,48.843517176117594,35.393404167156476
2024-01-01 00:43:00,46.98896304410711,29.807457652496463
2024-01-01 00:44:00,35.214780096325725,29.136863500295902
2024-01-01 00:45:00,42.801557916052914,34.41829968743336
2024-01-01 00:46:00,45.393612290402125,33.261614392067095
2024-01-01 00:47:00,60.57122226218915,22.118039215078753
2024-01-01 00:48:00,53.43618289568462,37.38270174862948
2024-01-01 00:49:00,32.36959844637266,36.90045677073726
2024-01-01 00:50:00,53.24083969394795,26.872186492452354
2024-01-01 00:51:00,46.149177195836835,31.979017667187044
2024-01-01 00:52:00,43.23077999694041,32.47015093141369
2024-01-01 00:53:00,56.11676288840868,31.303368829119535
2024-01-01 00:54:00,60.30999522495951,27.2484742307729
2024-01-01 00:55:00,59.31280119116199,26.641883160309742
2024-01-01 00:56:00,41.607824767773614,29.872229645042772
2024-01-01 00:57:00,46.907876241487855,35.86364509629682
2024-01-01 00:58:00,53.31263431403564,32.71800077297216
2024-01-01 00:59:00,59.75545127122359,28.14692833956947
2024-01-01 01:00:00,45.2082576215471,33.85849355324172
2024-01-01 01:01:00,48.14341023336183,15.757286896849623
2024-01-01 01:02:00,38.93665025993972,35.74382850186052
2024-01-01 01:03:00,38.037933759193294,21.301431106109504
2024-01-01 01:04:00,58.125258223941984,28.18779529298434
2024-01-01 01:05:00,63.56240028570823,24.401650526869282
2024-01-01 01:06:00,49.27989878419666,23.526592621395473
2024-01-01 01:07:00,60.03532897892024,35.8041339368926
2024-01-01 01:08:00,53.61636025047634,27.661493993440544
2024-01-01 01:09:00,43.54880245394876,31.73251940865358
2024-01-01 01:10:00,53.61395605508414,29.76539710560408
2024-01-01 01:11:00,65.38036566465969,32.385204136115604
2024-01-01 01:12:00,49.64173960890049,30.384109455301278
2024-01-01 01:13:00,65.64643655814007,23.58503887905715
2024-01-01 01:14:00,23.802548959102555,34.9813340972357
2024-01-01 01:15:00,58.21902504375224,27.531217084193436
2024-01-01 01:16:00,50.870470682381715,22.217090506701247
2024-01-01 01:17:00,47.009926495341325,27.859424195170437
2024-01-01 01:18:00,50.91760776535502,37.503798953171554
2024-01-01 01:19:00,30.124310853991073,34.251108710567465
2024-01-01 01:20:00,47.80328112162488,28.256739327960705
2024-01-01 01:21:00,53.57112571511746,28.253711478407855
2024-01-01 01:22:00,64.77894044741517,28.391824743913087
2024-01-01 01:23:00,44.81729781726352,40.383739917804206
2024-01-01 01:24:00,41.91506397106812,31.909677261157768
2024-01-01 01:25:00,44.982429564154636,32.15020823595535
2024-01-01 01:26:00,59.15402117702074,35.151417270159214
2024-01-01 01:27:00,53.287511096596845,31.193945795132567
2024-01-01 01:28:00,44.70239796232961,28.704789270896484
2024-01-01 01:29:00,55.13267433113356,29.01825075457511
2024-01-01 01:30:00,50.9707754934804,29.641993702929682
2024-01-01 01:31:00,59.68644990532889,29.813888817450792
2024-01-01 01:32:00,42.979469061226474,33.6381477181849
2024-01-01 01:33:00,46.723378534022316,30.259729429036497
2024-01-01 01:34:00,46.078918468678424,33.6632003860779
2024-01-01 01:35:00,35.364850518678814,29.59641709945709
2024-01-01 01:36:00,52.96120277064576,30.393175951580453
2024-01-01 01:37:00,52.610552721798896,20.00899657733946
2024-01-01 01:38:00,50.05113456642461,34.581638373512405
2024-01-01 01:39:00,47.65412866624853,31.732442379489964
2024-01-01 01:40:00,35.84629257949586,34.99005054929826
2024-01-01 01:41:00,45.79354677234641,15.518723109031553
2024-01-01 01:42:00,46.572854834732304,40.44187352390364
2024-01-01 01:43:00,41.97722730778381,29.302051859224132
2024-01-01 01:44:00,48.387142883339905,35.54091408368758
2024-01-01 01:45:00,54.040508568145384,24.800470364372345
2024-01-01 01:46:00,68.8618590121053,33.063869525312846
2024-01-01 01:47:00,51.74577812831839,24.73292218413172
2024-01-01 01:48:00,52.57550390722764,26.881155196520975
2024-01-01 01:49:00,49.25554084233833,39.570156769333934
2024-01-01 01:50:00,30.812287847009586,29.046587996183266
2024-01-01 01:51:00,49.73486124550783,31.087164365898616
2024-01-01 01:52:00,50.60230209941027,34.35033865344377
2024-01-01 01:53:00,74.63242112485287,32.47840943986302
2024-01-01 01:54:00,48.076390352188774,30.752094525717883
2024-01-01 01:55:00,53.015473423336125,31.824805012331126
2024-01-01 01:56:00,49.65288230294757,42.01707792619138
2024-01-01 01:57:00,38.31321962380468,29.711906014832074
2024-01-01 01:58:00,61.42822814515021,31.005495233574837
2024-01-01 01:59:00,57.519330326867745,35.25327198003806
2024-01-01 02:00:00,57.910319470430466,35.52762966478992
2024-01-01 02:01:00,40.906125452052606,35.9351515278019
2024-01-01 02:02:00,64.02794310936099,33.19365111014592
2024-01-01 02:03:00,35.98148937207719,24.284975436347583
2024-01-01 02:04:00,55.868570938002705,38.16715766150548
2024-01-01 02:05:00,71.90455625809979,24.26827303490656
2024-01-01 02:06:00,40.09463674869312,31.513177326195166
2024-01-01 02:07:00,44.33702270397228,26.22862074990321
2024-01-01 02:08:00,50.99651365087641,29.679308267035037
2024-01-01 02:09:00,44.96524345883801,31.6438120515174
2024-01-01 02:10:00,34.493365689338674,31.606786077251364
2024-01-01 02:11:00,50.68562974806027,32.109603771176424
2024-01-01 02:12:00,39.37696286273895,38.06855634529323
2024-01-01 02:13:00,54.73592430635182,32.2676715075699
2024-01-01 02:14:00,40.80575765766197,28.779216823546758
2024-01-01 02:15:00,65.4993440501754,34.820435841441785
2024-01-01 02:16:00,42.16746707663763,35.947352444623206
2024-01-01 02:17:00,46.77938483794324,23.86196092431504
2024-01-01 02:18:00,58.135172173696695,32.98700034924929
2024-01-01 02:19:00,37.69135683566045,33.50586371155449
2024-01-01 02:20:00,52.27459934604129,28.51218248320004
2024-01-01 02:21:00,63.07142754282428,36.878534066558096
2024-01-01 02:22:00,33.92516765438772,29.249722064837368
2024-01-01 02:23:00,51.84633858532304,30.627882267357712
2024-01-01 02:24:00,52.598827942484235,29.13464087858065
2024-01-01 02:25:00,57.8182287177731,30.077895237907338
2024-01-01 02:26:00,37.63049289121918,24.518624565523993
2024-01-01 02:27:00,36.795433869157236,22.79974558702853
2024-01-01 02:28:00,55.21941565616898,37.97252531612486
2024-01-01 02:29:00,52.96984673233186,25.76519325840836
2024-01-01 02:30:00,52.504928503458764,25.043038252718464
2024-01-01 02:31:00,53.46448209496975,19.233049431981428
2024-01-01 02:32:00,43.19975278421509,26.805191261552487
2024-01-01 02:33:00,52.322536971610035,23.38455103296251
2024-01-01 02:34:00,52.93072473298681,38.21007580068185
2024-01-01 02:35:00,42.85648581973632,35.04908544671317
2024-01-01 02:36:00,68.65774511144757,26.559248274111383
2024-01-01 02:37:00,54.73832920911788,41.26217902672154
2024-01-01 02:38:00,38.08696502797351,34.90882743495797
2024-01-01 02:39:00,56.5655360863383,28.37584308245689
2024-01-01 02:40:00,40.253183297726785,17.502971425632133
2024-01-01 02:41:00,57.87084603742452,41.45471286295371
2024-01-01 02:42:00,61.58595579007404,23.05213766618202
2024-01-01 02:43:00,41.7931768164829,21.773006265215542
2024-01-01 02:44:00,59.63376129244322,35.1128521600482
2024-01-01 02:45:00,54.12780926936498,42.19876203169636
2024-01-01 02:46:00,58.2206015999449,36.921364092552594
2024-01-01 02:47:00,68.96792982653947,32.8195456002618
2024-01-01 02:48:00,47.54611883997129,32.97377170832643
2024-01-01 02:49:00,42.4626383564251,34.267077793901535
2024-01-01 02:50:00,41.10485570374477,33.79464294893383
2024-01-01 02:51:00,41.841897150345616,31.405957119846878
2024-01-01 02:52:00,49.228982905858956,30.52100551975938
2024-01-01 02:53:00,53.41151974816644,29.687034360502388
2024-01-01 02:54:00,52.766907993300194,26.23017705566662
2024-01-01 02:55:00,58.27183249036024,28.59662461566613
2024-01-01 02:56:00,50.13001891877907,21.535215929023074
2024-01-01 02:57:00,64.53534077157317,29.50830186602625
2024-01-01 02:58:00,47.35343166762044,25.057044464245415
2024-01-01 02:59:00,77.20169166589619,24.482053413921143
2024-01-01 03:00:00,56.25667347765006,30.899470755767393
2024-01-01 03:01:00,41.42842443583717,36.960011431723
2024-01-01 03:02:00,39.29107501938888,34.59158303001156
2024-01-01 03:03:00,54.824724152431855,22.147496981884114
2024-01-01 03:04:00,47.76537214674149,25.051859317148313
2024-01-01 03:05:00,57.14000494092092,34.70385593994108
2024-01-01 03:06:00,54.73237624573545,25.087563032308452
2024-01-01 03:07:00,49.271710873431275,28.876834250014877
2024-01-01 03:08:00,41.532062819315954,32.75026049512276
2024-01-01 03:09:00,34.851527753141355,25.158277725681824
2024-01-01 03:10:00,45.53485047932979,30.5268775307298
2024-01-01 03:11:00,58.56398794323472,23.329872525408977
2024-01-01 03:12:00,52.14093744130204,26.99316178024393
2024-01-01 03:13:00,37.542612212880115,31.598909670712686
2024-01-01 03:14:00,51.73180925851182,22.035031332341653
2024-01-01 03:15:00,53.85317379728837,32.202373689801995
2024-01-01 03:16:00,41.16142563798867,29.901811005366593
2024-01-01 03:17:00,51.53725105945528,32.76244977208574
2024-01-01 03:18:00,50.58208718446,31.119570670323306
2024-01-01 03:19:00,38.57029702169377,36.82070214986922
2024-01-01 03:20:00,53.577873603482836,30.626122513239537
2024-01-01 03:21:00,55.60784526368234,27.852972294373735
2024-01-01 03:22:00,60.830512431752766,30.611487515161418
2024-01-01 03:23:00,60.53802052034903,32.716490145181936
2024-01-01 03:24:00,36.22330632042909,30.24430035162852
2024-01-01 03:25:00,40.62174960084877,30.202958456019413
2024-01-01 03:26:00,55.1503526720866,26.490041560966223
2024-01-01 03:27:00,55.13785950912209,26.68549541224526
2024-01-01 03:28:00,55.150476863060476,22.986973641001534
2024-01-01 03:29:00,88.52731490654722,38.7478837159347
2024-01-01 03:30:00,55.70890510693167,23.780683823043574
2024-01-01 03:31:00,61.35565640180599,26.53547401102046
2024-01-01 03:32:00,59.54001763493203,26.40796367215401
2024-01-01 03:33:00,56.51391251305798,34.474621884722204
2024-01-01 03:34:00,46.84730755359654,28.52525160853986
2024-01-01 03:35:00,57.589692204932675,36.23871036336867
2024-01-01 03:36:00,42.27174785462428,26.63254687878066
2024-01-01 03:37:00,47.63181393259991,31.39497081111901
2024-01-01 03:38:00,45.14636452170897,25.823264733701215
2024-01-01 03:39:00,50.81874139386323,40.72574563886694
2024-01-01 03:40:00,73.14658566673509,24.062007904852436
2024-01-01 03:41:00,31.32734807408252,31.549103551135136
2024-01-01 03:42:00,56.86260190374514,33.168884404660496
2024-01-01 03:43:00,33.87284128810349,32.06899548725749
2024-01-01 03:44:00,45.280681342105666,29.073561705611457
2024-01-01 03:45:00,60.889505969673664,29.35089650133287
2024-01-01 03:46:00,50.64280019095463,30.219057359895547
2024-01-01 03:47:00,39.22255222070694,29.264989991857558
2024-01-01 03:48:00,42.84696290740032,34.81939558397455
2024-01-01 03:49:00,56.79597748934676,41.05261500795676
2024-01-01 03:50:00,42.69633368282864,27.212541074960832
2024-01-01 03:51:00,52.16458589581975,23.150985102104613
2024-01-01 03:52:00,50.45571839903814,29.558589758243727
2024-01-01 03:53:00,43.483996523941826,42.898546688271594
2024-01-01 03:54:00,71.43944089325325,25.981627160151348
2024-01-01 03:55:00,56.33919022318011,38.195584027220335
2024-01-01 03:56:00,29.74857413342393,38.388504070382204
2024-01-01 03:57:00,51.86454314769428,27.232058791460027
2024-01-01 03:58:00,43.38213535231612,32.84491539592638
2024-01-01 03:59:00,58.52433334796224,38.14198311564269
2024-01-01 04:00:00,42.07479261567299,28.104361295062564
2024-01-01 04:01:00,48.85263558533101,28.982098199488192
2024-01-01 04:02:00,55.049872789804574,27.09159543025678
2024-01-01 04:03:00,58.657551941701215,24.926216346535668
2024-01-01 04:04:00,37.997035929442234,26.753612274669965
2024-01-01 04:05:00,46.654987641590516,23.880298666188718
2024-01-01 04:06:00,45.25054688839044,30.17041734129613
2024-01-01 04:07:00,43.46670767426288,26.15013384470679
2024-01-01 04:08:00,67.65454240281096,31.16892955895374
2024-01-01 04:09:00,54.049817109609556,22.220521768981865
2024-01-01 04:10:00,37.391160456649544,31.654401161072286
2024-01-01 04:11:00,59.17861947054776,34.16764480804462
2024-01-01 04:12:00,71.22156197012633,20.031321787142723
2024-01-01 04:13:00,60.32465260551147,31.87028284923786
2024-01-01 04:14:00,34.80630034045987,36.13834496236646
2024-01-01 04:15:00,45.15765927133749,23.951794906543974
2024-01-01 04:16:00,62.669111491866225,38.362861934188516
2024-01-01 04:17:00,42.92330534381219,32.095095046830224
2024-01-01 04:18:00,54.43819428146229,26.474940721207957
2024-01-01 04:19:00,57.74634053429337,29.72115461171147
2024-01-01 04:20:00,40.730695284219166,32.791634562608614
2024-01-01 04:21:00,49.404746439382,30.380026957062057
2024-01-01 04:22:00,17.58732659930927,32.693779962231844
2024-01-01 04:23:00,39.756123586657104,25.39663203460317
2024-01-01 04:24:00,47.4743184860684,30.84680412018039
2024-01-01 04:25:00,37.52216818035151,22.9314275154751
2024-01-01 04:26:00,66.32411303931636,29.4438696932565
2024-01-01 04:27:00,35.69858622039367,25.480461792676053
2024-01-01 04:28:00,45.599555133030165,26.322350287051165
2024-01-01 04:29:00,51.30740577286091,36.18046587605219
2024-01-01 04:30:00,64.41273289066116,35.45655060297135
2024-01-01 04:31:00,35.6413784882056,33.045690604535885
2024-01-01 04:32:00,61.63163752154959,24.538436176637106
2024-01-01 04:33:00,50.10233061019587,28.41795775152599
2024-01-01 04:34:00,40.18491348952049,36.06548849989592
2024-01-01 04:35:00,54.62103474263271,30.708584568199523
2024-01-01 04:36:00,51.9905969557347,41.59664769990847
2024-01-01 04:37:00,43.99783122841205,31.96658919697186
2024-01-01 04:38:00,50.69802084990019,30.960245582450156
2024-01-01 04:39:00,46.1468640313824,28.454417678987493
2024-01-01 04:40:00,51.13517345251248,30.66770452391141
2024-01-01 04:41:00,56.62130674521047,29.23765081809728
2024-01-01 04:42:00,65.86016816145352,33.54054338344295
2024-01-01 04:43:00,37.62184501173151,34.783511583972924
2024-01-01 04:44:00,71.33033374656267,26.070052697460252
2024-01-01 04:45:00,30.479122004774982,23.34383523221111
2024-01-01 04:46:00,48.482149049644164,20.818973134483517
2024-01-01 04:47:00,55.883172064845766,32.53995663456272
2024-01-01 04:48:00,52.809918677350325,24.483166969130632
2024-01-01 04:49:00,43.77300480179406,19.235547035237587
2024-01-01 04:50:00,47.918777496427246,31.942893022654822
2024-01-01 04:51:00,45.06999065341167,42.46499758716395
2024-01-01 04:52:00,44.106352430557884,29.969645442300532
2024-01-01 04:53:00,58.496020970210246,34.19245387225821
2024-01-01 04:54:00,53.57015485965047,30.409146792737825
2024-01-01 04:55:00,43.070904047393455,29.505551734044285
2024-01-01 04:56:00,58.995998754332504,34.59538241493884
2024-01-01 04:57:00,53.072995208766095,28.548627279056742
2024-01-01 04:58:00,58.1286211883896,31.336961570359513
2024-01-01 04:59:00,56.29628841923612,31.608489030980067
2024-01-01 05:00:00,41.710049890779274,26.659547731784755
2024-01-01 05:01:00,44.39818959803031,34.960211747682614
2024-01-01 05:02:00,57.472936051232615,29.125201216522957
2024-01-01 05:03:00,56.10370265433465,26.221274202535778
2024-01-01 05:04:00,49.79098406035852,32.68254921785202
2024-01-01 05:05:00,51.17327383308782,25.507660091044812
2024-01-01 05:06:00,62.77664895788425,30.140905786845643
2024-01-01 05:07:00,44.0842861116417,29.95440501677898
2024-01-01 05:08:00,55.470973811700375,35.42947782915789
2024-01-01 05:09:00,47.97807347566106,32.373491164399766
2024-01-01 05:10:00,47.8231879677278,29.87486520627428
2024-01-01 05:11:00,60.9877685198719,34.08883149600143
2024-01-01 05:12:00,58.2541634898803,36.951037745086566
2024-01-01 05:13:00,58.135096360006386,32.78905153175931
2024-01-01 05:14:00,63.05478807154329,30.051763099216902
2024-01-01 05:15:00,50.21003841632759,23.4408188382492
2024-01-01 05:16:00,56.81952971294964,24.674431684623137
2024-01-01 05:17:00,46.89733243406544,28.47387647822666
2024-01-01 05:18:00,53.24166352488442,26.952438989203586
2024-01-01 05:19:00,48.698569456323156,29.06514348507277
2024-01-01 05:20:00,50.96995964992718,30.283249624485535
2024-01-01 05:21:00,55.95157025436914,32.64846377178365
2024-01-01 05:22:00,41.81779316766527,29.647506109704544
2024-01-01 05:23:00,70.9238727568546,32.43250821913101
2024-01-01 05:24:00,39.93982618500298,30.3223720740506
2024-01-01 05:25:00,37.85811387212268,20.12266716823064
2024-01-01 05:26:00,61.581108735000676,25.303323030906228
2024-01-01 05:27:00,57.91662693962936,29.279562221391924
2024-01-01 05:28:00,56.24119817052155,23.95152628579446
2024-01-01 05:29:00,56.2834550926428,32.999643649981024
2024-01-01 05:30:00,49.87753227153085,37.65375416171849
2024-01-01 05:31:00,41.02745628514168,36.09380925848659
2024-01-01 05:32:00,50.75804558193726,28.93278564534896
2024-01-01 05:33:00,43.22838288487888,37.45363068424976
2024-01-01 05:34:00,59.75119733417751,30.743337286010558
2024-01-01 05:35:00,48.52942618497861,28.314570144409803
2024-01-01 05:36:00,41.745028032074885,26.9329866822953
2024-01-01 05:37:00,46.78614158347007,28.487651567559357
2024-01-01 05:38:00,54.12931454275624,28.059115907293858
2024-01-01 05:39:00,44.36275447196025,30.85208111187744
2024-01-01 05:40:00,41.77779604433569,30.802869905249324
2024-01-01 05:41:00,52.436872114919126,30.015230100767074
2024-01-01 05:42:00,52.44966571108723,32.18469084873175
2024-01-01 05:43:00,44.9305682462887,35.95323137393171
2024-01-01 05:44:00,45.289616943816775,34.74777067720662
2024-01-01 05:45:00,52.32049937357636,22.575510157750482
2024-01-01 05:46:00,35.51915658502676,17.230394325490224
2024-01-01 05:47:00,35.92536225623445,34.67159955619637
2024-01-01 05:48:00,42.81555778747564,23.165606507922895
2024-01-01 05:49:00,47.86552848288153,28.87617299053658
2024-01-01 05:50:00,53.10907565598005,24.149434869703203
2024-01-01 05:51:00,64.75356216949552,20.9900978120999
2024-01-01 05:52:00,58.576596232020194,32.70731364102394
2024-01-01 05:53:00,48.40061470036573,33.79577580151324
2024-01-01 05:54:00,49.80983792097311,27.1174479963664
2024-01-01 05:55:00,39.97470635362191,17.04478853927545
2024-01-01 05:56:00,49.8148686400761,27.268777758737585
2024-01-01 05:57:00,47.11341361079862,31.959020027012734
2024-01-01 05:58:00,53.227185603380896,22.605442156129357
2024-01-01 05:59:00,41.727690564476774,30.91679959889578
2024-01-01 06:00:00,55.193465142411725,29.923450754135022
2024-01-01 06:01:00,65.32738913002578,32.89645749800544
2024-01-01 06:02:00,48.91239851543143,30.597901842070765
2024-01-01 06:03:00,54.01711722098941,25.13465529559222
2024-01-01 06:04:00,56.90143991711113,35.982857508322454
2024-01-01 06:05:00,45.987795281141636,29.20735213486515
2024-01-01 06:06:00,52.24092481810417,29.86347730245034
2024-01-01 06:07:00,50.12592400781795,25.333660204634022
2024-01-01 06:08:00,50.97676098548832,27.783588744042447
2024-01-01 06:09:00,42.26990216144534,25.575986429865495
2024-01-01 06:10:00,50.245101742589426,29.135269700382885
2024-01-01 06:11:00,54.979982912454496,38.558542400711715
2024-01-01 06:12:00,64.51143607795042,23.140494285343216
2024-01-01 06:13:00,59.59270826085207,21.932193010616295
2024-01-01 06:14:00,71.53182457511556,37.35585163746804
2024-01-01 06:15:00,42.326524371119504,28.95338161424067
2024-01-01 06:16:00,58.723206367206785,26.654636306700418
2024-01-01 06:17:00,51.83342005738352,35.199523436980385
2024-01-01 06:18:00,71.89802933217672,26.97192230131568
2024-01-01 06:19:00,41.91701714644849,39.13004856773468
2024-01-01 06:20:00,41.602781578192236,33.38962935669635
2024-01-01 06:21:00,44.00607354555978,27.560442959271487
2024-01-01 06:22:00,28.76104275690193,40.786541066327516
2024-01-01 06:23:00,44.74244978319239,26.97142538498331
2024-01-01 06:24:00,42.40867338446302,33.71047686004653
2024-01-01 06:25:00,51.50393786476208,31.49646290203246
2024-01-01 06:26:00,53.41755975777159,36.50870644699399
2024-01-01 06:27:00,68.76170839215887,37.807555983634266
2024-01-01 06:28:00,59.5042383818605,30.160020745328833
2024-01-01 06:29:00,44.23096344337597,26.232910648269083
2024-01-01 06:30:00,41.01585328651642,32.29986071469558
2024-01-01 06:31:00,54.919191715065054,26.61142315123947
2024-01-01 06:32:00,36.797667929793576,40.066936237633115
2024-01-01 06:33:00,68.31458765854353,30.682676655413687
2024-01-01 06:34:00,61.79440120721287,28.173392243439455
2024-01-01 06:35:00,45.30824347895295,30.923401529324543
2024-01-01 06:36:00,32.868654709091224,23.264368552351517
2024-01-01 06:37:00,63.538723741654124,25.141929807446743
2024-01-01 06:38:00,48.85460154747382,36.00206953972213
2024-01-01 06:39:00,62.378163119734616,26.71552860514302
2024-01-01 06:40:00,34.05572341205633,24.7654450865903
2024-01-01 06:41:00,44.00624977046227,32.68326376263643
2024-01-01 06:42:00,50.05243699718183,35.928520773314986
2024-01-01 06:43:00,50.46980593764742,33.594766553325336
2024-01-01 06:44:00,45.49934528520756,34.98023842902908
2024-01-01 06:45:00,56.228499323474985,26.216024557152696
2024-01-01 06:46:00,39.32379570617405,22.89094666629078
2024-01-01 06:47:00,48.576205149787064,37.506668259777435
2024-01-01 06:48:00,51.20295631711899,28.38660080578932
2024-01-01 06:49:00,55.14438834058749,28.745834917724764
2024-01-01 06:50:00,57.1161487808889,36.64097070924529
2024-01-01 06:51:00,38.75357908162131,32.7811500470033
2024-01-01 06:52:00,34.65885829264378,32.279438860408035
2024-01-01 06:53:00,62.77676821898509,40.825011724505416
2024-01-01 06:54:00,53.323140119795916,26.782408848099287
2024-01-01 06:55:00,42.51513463443446,34.63920064040619
2024-01-01 06:56:00,65.51151975522524,30.285065624485423
2024-01-01 06:57:00,51.156746342928585,31.342961394316283
2024-01-01 06:58:00,61.792971840638266,37.64234213206266
2024-01-01 06:59:00,50.67518481410109,32.53917878144812
2024-01-01 07:00:00,70.60747924881987,32.69148039524816
2024-01-01 07:01:00,67.55340842443204,35.362536686549014
2024-01-01 07:02:00,47.51035851520926,28.175236352285573
2024-01-01 07:03:00,59.71570950954356,25.803951663304968
2024-01-01 07:04:00,56.45375949585147,24.775954029894834
2024-01-01 07:05:00,63.68631557532349,20.16821705311999
2024-01-01 07:06:00,40.35076539419896,40.28103564970161
2024-01-01 07:07:00,56.86051459998439,24.483958171391585
2024-01-01 07:08:00,60.58424486849588,28.89373188207114
2024-01-01 07:09:00,32.41260513576886,28.615933500555396
2024-01-01 07:10:00,38.16741487334225,31.537033489045506
2024-01-01 07:11:00,29.607678222398995,34.078686062696484
2024-01-01 07:12:00,47.305931655554424,34.30236744179873
2024-01-01 07:13:00,57.17542255795962,27.08461280715531
2024-01-01 07:14:00,65.02357052096028,29.164391431067944
2024-01-01 07:15:00,50.74094780419775,31.412899752441497
2024-01-01 07:16:00,66.28615545571292,28.756544369082263
2024-01-01 07:17:00,36.198985417851084,38.03672788009996
2024-01-01 07:18:00,32.96617560644845,32.45487475819126
2024-01-01 07:19:00,49.44452301103381,33.67438893024909
2024-01-01 07:20:00,53.840654489393074,33.31440634333706
2024-01-01 07:21:00,49.67305251905907,35.86736928742663
2024-01-01 07:22:00,29.325578999601234,30.905107793518535
2024-01-01 07:23:00,49.10879960487212,23.515840260220767
2024-01-01 07:24:00,36.95530499495147,31.998439758763208
2024-01-01 07:25:00,56.69672548830039,26.743215531040853
2024-01-01 07:26:00,53.66598246096848,27.356916591251217
2024-01-01 07:27:00,40.60120213672645,32.931820093775464
2024-01-01 07:28:00,44.861330826633065,36.19141535716818
2024-01-01 07:29:00,39.40786478111048,30.106357883680307
2024-01-01 07:30:00,49.37320902726828,31.544165062994818
2024-01-01 07:31:00,59.551423205012384,38.51107472317619
2024-01-01 07:32:00,40.14273953664456,31.203765897442842
2024-01-01 07:33:00,55.040465155178445,43.008415570901974
2024-01-01 07:34:00,44.69742381627559,32.827548228157724
2024-01-01 07:35:00,42.07127167737656,21.19618620422091
2024-01-01 07:36:00,48.929696400454425,33.76670810552266
2024-01-01 07:37:00,39.64757677580626,31.90579192441389
2024-01-01 07:38:00,44.46350694652818,36.44876377041373
2024-01-01 07:39:00,38.021221074111516,33.365906756349794
2024-01-01 07:40:00,69.6472513291639,29.307720080081133
2024-01-01 07:41:00,50.35263551971729,23.878508818553172
2024-01-01 07:42:00,43.00274492007414,28.954883713569874
2024-01-01 07:43:00,52.13979910734222,25.7473977289535
2024-01-01 07:44:00,48.8767195030917,27.097382750976386
2024-01-01 07:45:00,47.79030400466777,32.942892022103045
2024-01-01 07:46:00,56.14166700043425,38.34952252175703
2024-01-01 07:47:00,57.57507710047305,31.973357649114906
2024-01-01 07:48:00,44.69498852389472,24.020584689824076
2024-01-01 07:49:00,44.2418175935532,32.2230133411007
2024-01-01 07:50:00,47.24948302848356,35.98315743322826
2024-01-01 07:51:00,26.98078835264415,26.95108547840309
2024-01-01 07:52:00,34.84808937801448,29.32991416663541
2024-01-01 07:53:00,63.66874267444525,30.073440973645987
2024-01-01 07:54:00,66.44967713501283,26.075508434588798
2024-01-01 07:55:00,47.50963960443622,33.2414021692193
2024-01-01 07:56:00,55.765569630557664,29.395259256961094
2024-01-01 07:57:00,53.112501545435364,32.09766221953514
2024-01-01 07:58:00,80.78880808455239,25.562539110989498
2024-01-01 07:59:00,61.195749114345766,27.812708498382946
2024-01-01 08:00:00,48.72082408519233,33.61190678913886
2024-01-01 08:01:00,40.44459559399574,28.135834239541165
2024-01-01 08:02:00,33.93553679742428,38.63481925616703
2024-01-01 08:03:00,52.03463635867223,28.001819071926988
2024-01-01 08:04:00,42.436492547156966,31.12342362875943
2024-01-01 08:05:00,35.77746290402326,34.66295415936545
2024-01-01 08:06:00,43.534271157574736,22.908171335334842
2024-01-01 08:07:00,39.18451996385605,21.19595594009612
2024-01-01 08:08:00,66.87141635072564,22.371718427149524
2024-01-01 08:09:00,58.816397569494505,36.31292051713591
2024-01-01 08:10:00,49.92027358683383,27.240709270537767
2024-01-01 08:11:00,64.79944138890026,42.79099642834126
2024-01-01 08:12:00,50.77368307647618,27.178762006713058
2024-01-01 08:13:00,41.38715798671736,30.922756515985185
2024-01-01 08:14:00,65.23124077269657,37.71054976283938
2024-01-01 08:15:00,55.38910043684659,40.03046444079561
2024-01-01 08:16:00,39.62753845673544,40.30751788318199
2024-01-01 08:17:00,48.09661321916392,36.04183115296571
2024-01-01 08:18:00,41.24381746615243,35.12031262905731
2024-01-01 08:19:00,36.172002690356635,32.96263474600592
2024-01-01 08:20:00,59.26177547531641,33.89180538083319
2024-01-01 08:21:00,69.0941664047013,27.244071418357333
2024-01-01 08:22:00,36.01432426180859,25.909005582888465
2024-01-01 08:23:00,55.62969236690571,29.98312771294524
2024-01-01 08:24:00,43.49357430878173,29.149076887375358
2024-01-01 08:25:00,45.12874616235304,27.733859753363625
2024-01-01 08:26:00,44.07606075761131,33.481937237283574
2024-01-01 08:27:00,41.36009230320184,34.77652604285255
2024-01-01 08:28:00,50.48521627944827,30.442034431459238
2024-01-01 08:29:00,41.69049883588962,37.38765040527631
2024-01-01 08:30:00,52.704568257798385,24.291554429332475
2024-01-01 08:31:00,49.49761890550863,29.03170270360141
2024-01-01 08:32:00,47.6105195313359,26.415888396985977
2024-01-01 08:33:00,40.92436337958402,20.6673169146347
2024-01-01 08:34:00,44.23228669431667,29.586596570786504
2024-01-01 08:35:00,57.55391225825756,29.39126245808358
2024-01-01 08:36:00,55.009171876243805,37.567248716210656
2024-01-01 08:37:00,40.22444755201449,33.154058422773886
2024-01-01 08:38:00,50.99332305429226,24.879065878353977
2024-01-01 08:39:00,57.51387123371789,39.27046283167094
2024-01-01 08:40:00,33.305947188786284,36.10516847762676
2024-01-01 08:41:00,55.43360192379935,32.910488517343076
2024-01-01 08:42:00,43.37376241054153,28.86757950575084
2024-01-01 08:43:00,55.70598668593159,25.202803816382602
2024-01-01 08:44:00,42.367408434574834,28.138966119644735
2024-01-01 08:45:00,31.95117899335481,35.443743098520926
2024-01-01 08:46:00,33.72457562116837,39.42293152967304
2024-01-01 08:47:00,50.48084946661382,37.71621764136094
2024-01-01 08:48:00,52.59722501721482,27.55575289106863
2024-01-01 08:49:00,40.956833748955916,24.401912833554945
2024-01-01 08:50:00,56.38592458777374,30.70443123455602
2024-01-01 08:51:00,33.3847993773104,21.157803172185744
2024-01-01 08:52:00,49.33920201352684,31.615838570923906
2024-01-01 08:53:00,37.889838002375434,29.261987068506656
2024-01-01 08:54:00,43.48163892197841,27.66981749065879
2024-01-01 08:55:00,50.47398671316414,22.02648466366602
2024-01-01 08:56:00,41.39586634716048,32.568000532848586
2024-01-01 08:57:00,46.154444557701744,27.336495801690443
2024-01-01 08:58:00,60.0629280921444,24.15041582144856
2024-01-01 08:59:00,44.23108130476851,15.638688933591753
2024-01-01 09:00:00,58.35692112065142,29.862425474746818
2024-01-01 09:01:00,38.702931453423815,38.86125798334872
2024-01-01 09:02:00,55.298041779152825,38.30629607273935
2024-01-01 09:03:00,64.41568620657901,27.714518717068643
2024-01-01 09:04:00,25.283554998727105,26.988939698191096
2024-01-01 09:05:00,42.03104744529523,32.34387128037512
2024-01-01 09:06:00,55.7707212718054,25.008072804058543
2024-01-01 09:07:00,47.96954613957007,31.50895949909733
2024-01-01 09:08:00,53.71145873371309,33.83040139192345
2024-01-01 09:09:00,43.960148132841795,36.13466611942154
2024-01-01 09:10:00,50.865897874729,29.499229617600236
2024-01-01 09:11:00,48.44322764607921,28.98163124911517
2024-01-01 09:12:00,61.67782061659807,25.610087066217194
2024-01-01 09:13:00,52.54420843301213,25.8655982298007
2024-01-01 09:14:00,53.37602662075202,28.867605540492367
2024-01-01 09:15:00,45.881230338775325,31.83682753408089
2024-01-01 09:16:00,45.123937759275066,34.567923131166246
2024-01-01 09:17:00,45.67441812180379,25.984105246598276
2024-01-01 09:18:00,53.944521423782966,37.46344284479761
2024-01-01 09:19:00,45.79015519179737,28.644381994787157
2024-01-01 09:20:00,52.89774856896413,29.89316352825782
2024-01-01 09:21:00,70.75400798645438,26.263941604260882
2024-01-01 09:22:00,58.711247034316926,17.878798698635293
2024-01-01 09:23:00,46.73976467832159,34.42022698180525
2024-01-01 09:24:00,62.012139221639444,33.684219485462165
2024-01-01 09:25:00,45.91924626978449,28.593362214408934
2024-01-01 09:26:00,29.61875464822146,30.33495358612436
2024-01-01 09:27:00,39.91913689082596,32.5796960885205
2024-01-01 09:28:00,31.292080789741444,22.187270715567287
2024-01-01 09:29:00,46.48486515958692,27.354736613268525
2024-01-01 09:30:00,50.184183791895514,33.971323398109135
2024-01-01 09:31:00,66.76437312275283,23.728552884153753
2024-01-01 09:32:00,53.269273737641626,31.467789660833148
2024-01-01 09:33:00,47.80899471191136,23.217090976882975
2024-01-01 09:34:00,58.294055811834895,32.33214991216763
2024-01-01 09:35:00,27.88864690992115,29.821792588512583
2024-01-01 09:36:00,52.356145581085656,21.924340920472453
2024-01-01 09:37:00,57.708651938869664,35.82369677228586
2024-01-01 09:38:00,35.214137542201584,26.327042116009753
2024-01-01 09:39:00,61.43754043206929,25.948737814928094
2024-01-01 09:40:00,53.38496407494414,31.002845986154714
2024-01-01 09:41:00,45.847120860991986,35.743186747143575
2024-01-01 09:42:00,56.32781866106285,24.920890905108017
2024-01-01 09:43:00,72.70692857804396,30.30839924923986
2024-01-01 09:44:00,51.81866255058495,32.14408250165287
2024-01-01 09:45:00,52.48220586300336,33.46552803631572
2024-01-01 09:46:00,45.40639100459756,30.882207776386124
2024-01-01 09:47:00,41.50155630535208,28.164860804583387
2024-01-01 09:48:00,58.303358165442454,25.862048896756402
2024-01-01 09:49:00,41.43916174091133,30.430719415231874
2024-01-01 09:50:00,50.715662372193925,24.639304940071966
2024-01-01 09:51:00,45.223425532348834,15.393247582526964
2024-01-01 09:52:00,54.78979825746392,32.18279902078834
2024-01-01 09:53:00,53.33662105286948,34.519674205430974
2024-01-01 09:54:00,60.375399442578995,18.18533782229081
2024-01-01 09:55:00,44.89983601145253,24.95134647645031
2024-01-01 09:56:00,47.30125064706629,33.09577130502599
2024-01-01 09:57:00,40.21236284217693,40.2874773485585
2024-01-01 09:58:00,45.55706739923888,30.10396853837704
2024-01-01 09:59:00,53.77300493044852,26.35998529385433
2024-01-01 10:00:00,57.56988616645352,29.0855177944758
2024-01-01 10:01:00,40.77834675822375,36.87438209574093
2024-01-01 10:02:00,58.6960592010566,26.770179104377323
2024-01-01 10:03:00,63.55637858804951,26.00403996674873
2024-01-01 10:04:00,54.13434903223701,27.58628238908984
2024-01-01 10:05:00,68.76795812558066,25.233356958706437
2024-01-01 10:06:00,42.26210800896427,30.613351579973976
2024-01-01 10:07:00,37.55345296688583,38.1233922923478
2024-01-01 10:08:00,32.212797510957216,31.615396365580146
2024-01-01 10:09:00,64.96044311489183,28.738232489368563
2024-01-01 10:10:00,56.54365656354058,28.54094365542228
2024-01-01 10:11:00,49.44415329089545,22.184045956516716
2024-01-01 10:12:00,52.799686263198204,34.415548885735795
2024-01-01 10:13:00,38.74510952701623,29.61081401493599
2024-01-01 10:14:00,74.45751979616827,29.09760043204687
2024-01-01 10:15:00,51.292211819752275,45.965537839224304
2024-01-01 10:16:00,51.09394794604893,31.49376454182843
2024-01-01 10:17:00,57.25766623898692,26.24104474952408
2024-01-01 10:18:00,54.810092317367136,27.868212018972283
2024-01-01 10:19:00,52.23884024279131,35.74222854598378
2024-01-01 10:20:00,42.09525544554688,30.56635205268882
2024-01-01 10:21:00,54.714683571359956,22.808610108413166
2024-01-01 10:22:00,68.82024496475034,34.596144672876015
2024-01-01 10:23:00,63.454200461549775,26.65927957230503
2024-01-01 10:24:00,65.93186626639397,39.366488881087726
2024-01-01 10:25:00,44.88784323568815,35.40024032857324
2024-01-01 10:26:00,40.10395179741419,27.763390521706246
2024-01-01 10:27:00,48.74213079900352,36.40508180867556
2024-01-01 10:28:00,50.557249122886944,30.339277552637018
2024-01-01 10:29:00,60.94191518470949,34.263868375611096
2024-01-01 10:30:00,33.07535370285181,32.42366408647237
2024-01-01 10:31:00,65.29550319460614,25.768216725045633
2024-01-01 10:32:00,48.419921014210104,26.78225083841269
2024-01-01 10:33:00,45.7311893005258,35.14980408790581
2024-01-01 10:34:00,39.87895624739832,28.326123339467294
2024-01-01 10:35:00,33.451433281342304,27.981757683790015
2024-01-01 10:36:00,58.231705839619146,25.224387103253235
2024-01-01 10:37:00,50.73317967188404,32.11799532796731
2024-01-01 10:38:00,37.10039100258946,40.31262459621573
2024-01-01 10:39:00,37.04921227936384,24.662335428728635
2024-01-01 10:40:00,46.64215300709872,30.12109728336379
2024-01-01 10:41:00,66.69021525289392,37.061102777077146
2024-01-01 10:42:00,47.40408648636395,29.601793043771423
2024-01-01 10:43:00,34.96857046881894,32.26185898124867
2024-01-01 10:44:00,47.54256935914056,24.688032359265602
2024-01-01 10:45:00,47.27276430252329,32.141535486038244
2024-01-01 10:46:00,23.031133570584284,29.064278674977256
2024-01-01 10:47:00,49.45705133482188,34.928649978399314
2024-01-01 10:48:00,47.69065469791322,35.936930257823754
2024-01-01 10:49:00,56.96206364813418,42.94781821009307
2024-01-01 10:50:00,68.48956094945345,32.89816586606788
2024-01-01 10:51:00,61.26565029547757,31.628981582910832
2024-01-01 10:52:00,47.31111309445169,30.97192150788668
2024-01-01 10:53:00,38.934740912583294,28.23416853594656
2024-01-01 10:54:00,75.7335980324986,31.692419217308455
2024-01-01 10:55:00,50.59218434014488,28.522992949304854
2024-01-01 10:56:00,50.13929291912946,30.84230488134807
2024-01-01 10:57:00,49.758749128899964,36.587987678039795
2024-01-01 10:58:00,51.98084760767855,24.967287173601793
2024-01-01 10:59:00,48.556395880760576,35.699392805645225
2024-01-01 11:00:00,44.26337993119763,36.58557533669933
2024-01-01 11:01:00,44.53141058759608,29.409657365044605
2024-01-01 11:02:00,49.672467297840015,19.390725504957025
2024-01-01 11:03:00,44.56575228866235,26.960890064527838
2024-01-01 11:04:00,42.871542173228356,36.484972732805545
2024-01-01 11:05:00,51.064302276918966,29.88565968850559
2024-01-01 11:06:00,47.450227825791444,25.003488838525445
2024-01-01 11:07:00,65.0399298858269,27.47612539385891
2024-01-01 11:08:00,23.490301916069882,34.20310013252276
2024-01-01 11:09:00,60.91506851922462,32.7336678410069
2024-01-01 11:10:00,62.46085192497629,28.80533950415153
2024-01-01 11:11:00,29.266097675918505,28.165877940926563
2024-01-01 11:12:00,46.573124059196516,28.04120925478089
2024-01-01 11:13:00,46.28559134004209,25.387949077507486
2024-01-01 11:14:00,35.924883052821784,38.07687844734721
2024-01-01 11:15:00,42.22183312409125,28.3883976539433
2024-01-01 11:16:00,38.894241545341714,36.085792604127484
2024-01-01 11:17:00,67.52270443423623,37.60658025961226
2024-01-01 11:18:00,59.35678393147461,34.9915544907398
2024-01-01 11:19:00,62.71555094994159,27.841898436409757
2024-01-01 11:20:00,57.21672064043235,32.018650451683044
2024-01-01 11:21:00,38.70948228782771,29.879021968045418
2024-01-01 11:22:00,44.75479733720226,25.48149069634936
2024-01-01 11:23:00,54.89374561227918,31.621796408608017
2024-01-01 11:24:00,37.778721911080545,24.10480104420099
2024-01-01 11:25:00,57.12998430172388,35.93839694230782
2024-01-01 11:26:00,47.59674601841865,27.676913513508033
2024-01-01 11:27:00,46.251791924504026,31.005798279364196
2024-01-01 11:28:00,57.10959968203491,31.41643935773071
2024-01-01 11:29:00,54.4426331148604,28.705475131479613
2024-01-01 11:30:00,46.3903383418092,32.933469007376374
2024-01-01 11:31:00,61.59329803364248,27.62548171688738
2024-01-01 11:32:00,39.189366724001026,34.35648648728622
2024-01-01 11:33:00,56.15935606944264,23.270101598766257
2024-01-01 11:34:00,55.93101257968384,30.63189789773206
2024-01-01 11:35:00,46.904535606860094,39.694644995291426
2024-01-01 11:36:00,53.26133022242118,24.998343376972127
2024-01-01 11:37:00,37.488864236146966,26.611275147375743
2024-01-01 11:38:00,59.24027019206901,32.569539248294575
2024-01-01 11:39:00,48.15097863557011,30.89790890969799
2024-01-01 11:40:00,44.772769794809605,31.753150496367795
2024-01-01 11:41:00,60.49009225836889,32.44593565073832
2024-01-01 11:42:00,42.95656309457241,33.17360734280885
2024-01-01 11:43:00,35.91538703636441,35.54849920978111
2024-01-01 11:44:00,34.433708264760966,32.04909328464257
2024-01-01 11:45:00,56.06009951345639,28.793711726907286
2024-01-01 11:46:00,37.19570647503717,33.362868506013655
2024-01-01 11:47:00,67.54794181984364,39.49940967447608
2024-01-01 11:48:00,29.18070592116278,29.33683126808713
2024-01-01 11:49:00,66.96456368290038,25.127353476646793
2024-01-01 11:50:00,52.11017467202618,35.53540334643486
2024-01-01 11:51:00,49.032868881296075,29.398094180232007
2024-01-01 11:52:00,44.550809131910505,19.13665226992982
2024-01-01 11:53:00,53.991361143520706,34.23710838575211
2024-01-01 11:54:00,49.62365297575152,27.323359070230385
2024-01-01 11:55:00,61.03301882016521,29.547333588479198
2024-01-01 11:56:00,51.142276486620396,31.659901652845072
2024-01-01 11:57:00,51.50301761461878,30.952498398895333
2024-01-01 11:58:00,46.36387787786144,33.547259085695195
2024-01-01 11:59:00,49.43054376278933,27.822568147150783
2024-01-01 12:00:00,53.07801768892059,32.565528990880416
2024-01-01 12:01:00,32.89831607343375,28.702266612080415
2024-01-01 12:02:00,36.518145778942866,33.694052404437514
2024-01-01 12:03:00,57.43264094022715,33.07683742006527
2024-01-01 12:04:00,51.708654381279416,25.322806489777022
2024-01-01 12:05:00,48.16016663647321,35.42991058087516
2024-01-01 12:06:00,50.184339330653934,27.32018277442976
2024-01-01 12:07:00,53.47581705361671,34.040288991405724
2024-01-01 12:08:00,44.60240319690639,31.836436567006704
2024-01-01 12:09:00,42.216952745976876,39.190918383975614
2024-01-01 12:10:00,51.958452550976816,28.88267008814074
2024-01-01 12:11:00,40.21627222384968,28.253416019409013
2024-01-01 12:12:00,54.082527557144715,29.902901970561338
2024-01-01 12:13:00,32.9741639576216,28.484101085828623
2024-01-01 12:14:00,60.29155637325644,33.99970950971025
2024-01-01 12:15:00,54.72597482413043,21.91844695781706
2024-01-01 12:16:00,52.56029734313876,24.73158790426823
2024-01-01 12:17:00,59.82690983945514,24.660985392104035
2024-01-01 12:18:00,66.65474444462576,34.751537959867875
2024-01-01 12:19:00,60.1437006501813,38.553066862909624
2024-01-01 12:20:00,31.591257686683548,29.477753907312643
2024-01-01 12:21:00,37.204230332642986,29.155891384049948
2024-01-01 12:22:00,43.75181422304321,30.350260815565907
2024-01-01 12:23:00,50.26091050210834,35.80939151304095
2024-01-01 12:24:00,55.17659020469123,25.36323432904713
2024-01-01 12:25:00,42.742561868465344,31.191844913673926
2024-01-01 12:26:00,51.86766764477078,34.87598814891215
2024-01-01 12:27:00,42.44617067646678,32.50547084969923
2024-01-01 12:28:00,43.884821970080516,30.947908082993717
2024-01-01 12:29:00,35.93338903151778,35.005230462835705
2024-01-01 12:30:00,40.76766753889096,16.483838535003812
2024-01-01 12:31:00,36.48315394383666,33.38937659765454
2024-01-01 12:32:00,40.241267470226674,26.72962158436288
2024-01-01 12:33:00,60.536417966078396,20.846835515717714
2024-01-01 12:34:00,40.50601111168057,32.556012997624904
2024-01-01 12:35:00,76.32382064837391,36.86829272581479
2024-01-01 12:36:00,54.93317900880889,29.31275742686154
2024-01-01 12:37:00,51.84836123694874,34.76437273601469
2024-01-01 12:38:00,41.41642219818787,38.06139128994323
2024-01-01 12:39:00,57.003098794089915,36.57457226792024
2024-01-01 12:40:00,44.24362173762226,38.199822646856965
2024-01-01 12:41:00,51.220098146453616,33.71063745535946
2024-01-01 12:42:00,75.60084538268795,30.377168194507963
2024-01-01 12:43:00,49.0394010027535,21.990170940514158
2024-01-01 12:44:00,61.49273326285676,28.769687559350256
2024-01-01 12:45:00,42.96823574874112,25.783767023419042
2024-01-01 12:46:00,49.65011509503038,40.85471358748907
2024-01-01 12:47:00,67.7080063563551,29.120570937838316
2024-01-01 12:48:00,43.730329422122324,30.61602403392243
2024-01-01 12:49:00,68.12448557996929,32.75742688020234
2024-01-01 12:50:00,57.07751935455475,30.218012231862268
2024-01-01 12:51:00,44.37533224105732,38.47525520215376
2024-01-01 12:52:00,56.32407739055521,26.88675319132774
2024-01-01 12:53:00,59.7255444962673,30.973037276186215
2024-01-01 12:54:00,56.21809962217196,26.28764707150976
2024-01-01 12:55:00,34.297752801095434,23.39988744389647
2024-01-01 12:56:00,42.728628241751316,26.941154545473573
2024-01-01 12:57:00,47.52481364448495,29.81481601475794
2024-01-01 12:58:00,49.25566570899954,27.8534888774137
2024-01-01 12:59:00,56.206720975506784,26.53789510063072
2024-01-01 13:00:00,51.777010009332535,22.96841268164083
2024-01-01 13:01:00,36.64655641289899,29.584472136856526
2024-01-01 13:02:00,53.801978510059634,22.476398129844988
2024-01-01 13:03:00,56.10585745283823,33.80027981844801
2024-01-01 13:04:00,55.5979044793104,30.412198764672517
2024-01-01 13:05:00,60.807807255546216,22.71224250267535
2024-01-01 13:06:00,58.33922154548904,28.453954614750682
2024-01-01 13:07:00,54.59180079228437,26.239217972047083
2024-01-01 13:08:00,49.29834288541353,31.5958725520959
2024-01-01 13:09:00,33.39039066484008,36.702252230115725
2024-01-01 13:10:00,54.296182191325855,20.624137651771278
2024-01-01 13:11:00,52.076876871631114,30.575130395737087
2024-01-01 13:12:00,52.715788371953735,29.199336022166797
2024-01-01 13:13:00,37.232514241796906,33.35670038225233
2024-01-01 13:14:00,39.189434595917376,31.065983141188447
2024-01-01 13:15:00,60.53152853332904,26.240153341305906
2024-01-01 13:16:00,49.60444846143345,28.40473032166691
2024-01-01 13:17:00,56.81500697372624,26.019870715982556
2024-01-01 13:18:00,50.28318376130461,35.38003569299299
2024-01-01 13:19:00,50.297561394957455,30.10655824335971
2024-01-01 13:20:00,59.382838059759976,39.50595342876504
2024-01-01 13:21:00,44.83955271782626,29.696695930926897
2024-01-01 13:22:00,50.96120776940983,26.457966165447687
2024-01-01 13:23:00,45.377247112949576,22.431428036935863
2024-01-01 13:24:00,45.65503772567684,20.984301618720274
2024-01-01 13:25:00,46.908278765313604,22.079320284972553
2024-01-01 13:26:00,52.22133771633713,31.335633255057417
2024-01-01 13:27:00,45.212513783365225,32.54362511614967
2024-01-01 13:28:00,62.55756125573521,22.094046489839332
2024-01-01 13:29:00,41.05392697780496,34.475191570380574
2024-01-01 13:30:00,48.13128355838641,27.5846947415828
2024-01-01 13:31:00,45.60268941725825,30.733965059927748
2024-01-01 13:32:00,64.46977884353733,38.06110314127712
2024-01-01 13:33:00,51.965547765115744,34.48419657932766
2024-01-01 13:34:00,60.31844539468635,28.657346760470837
2024-01-01 13:35:00,35.14439626963028,25.544038872923565
2024-01-01 13:36:00,52.67050265869259,19.240922993353475
2024-01-01 13:37:00,58.89630795623437,26.4042334037879
2024-01-01 13:38:00,50.82283989275424,28.944348805861527
2024-01-01 13:39:00,60.654803750653514,25.06410236424408
2024-01-01 13:40:00,44.82711549899628,29.343715164538477
2024-01-01 13:41:00,64.0934744018558,30.384259414793842
2024-01-01 13:42:00,72.9889812361925,28.875720090959607
2024-01-01 13:43:00,46.37161439560341,26.7499870958827
2024-01-01 13:44:00,45.54497478599228,30.84327335983364
2024-01-01 13:45:00,64.533844771177,32.209703247847045
2024-01-01 13:46:00,65.79572145730712,24.548004612785768
2024-01-01 13:47:00,44.771399728467316,37.054661898731354
2024-01-01 13:48:00,45.798131829041424,29.507059338578692
2024-01-01 13:49:00,47.18215391139493,30.094248114724238
2024-01-01 13:50:00,36.555494889657226,33.541072116282784
2024-01-01 13:51:00,40.81348053515802,31.166080656317508
2024-01-01 13:52:00,39.95859233247932,34.76568316956622
2024-01-01 13:53:00,42.32202434895871,31.43562082600912
2024-01-01 13:54:00,49.65315112613219,26.93781312679781
2024-01-01 13:55:00,52.342147325365204,31.80751762603051
2024-01-01 13:56:00,65.50500492814076,24.28136896339669
2024-01-01 13:57:00,40.016459592612094,30.542798528882617
2024-01-01 13:58:00,59.843223984765835,29.833850046777695
2024-01-01 13:59:00,47.86011155774491,28.959415713637302
2024-01-01 14:00:00,49.50536290347567,29.357312442805345
2024-01-01 14:01:00,56.74819492166604,20.590754772511804
2024-01-01 14:02:00,38.772779784377015,27.256375461295193
2024-01-01 14:03:00,53.82409746184051,30.464224505705573
2024-01-01 14:04:00,51.66452208213056,30.799281959987002
2024-01-01 14:05:00,54.92451264008149,24.86162429537021
2024-01-01 14:06:00,52.89168643907818,36.328539204323505
2024-01-01 14:07:00,74.55300139910895,25.669125758927496
2024-01-01 14:08:00,43.62260015748684,34.84728600263368
2024-01-01 14:09:00,44.690030449981826,32.13597180935842
2024-01-01 14:10:00,43.76859473575236,26.768863450780984
2024-01-01 14:11:00,44.44522880839745,38.87655446304756
2024-01-01 14:12:00,43.62612872693482,24.0318158412176
2024-01-01 14:13:00,61.89016531107552,34.59577086805001
2024-01-01 14:14:00,64.20504247989855,35.00291159021489
2024-01-01 14:15:00,44.29253706250524,26.646898954616777
2024-01-01 14:16:00,41.67644426895771,36.962326500321645
2024-01-01 14:17:00,54.71415556386404,28.749767427005235
2024-01-01 14:18:00,44.477769557190285,31.443468146399287
2024-01-01 14:19:00,56.32931817755511,31.301609193856102
2024-01-01 14:20:00,52.029230208513,29.32845629264726
2024-01-01 14:21:00,34.84255885002768,34.05404136579891
2024-01-01 14:22:00,65.47505201330061,33.967443602761065
2024-01-01 14:23:00,67.95877673095522,21.257340133809095
2024-01-01 14:24:00,43.87211309515614,36.52170121439076
2024-01-01 14:25:00,46.122984400640156,21.68754005982163
2024-01-01 14:26:00,52.85865390724905,35.16273102170829
2024-01-01 14:27:00,53.34456789987025,35.633525684137915
2024-01-01 14:28:00,56.5854427267283,24.54516784892401
2024-01-01 14:29:00,70.1020453876635,27.945928560227077
2024-01-01 14:30:00,48.2305277250595,24.47147665757032
2024-01-01 14:31:00,42.01702755461546,28.925394848556323
2024-01-01 14:32:00,36.20680771985473,28.459828579071292
2024-01-01 14:33:00,42.69069960058081,33.8983026613467
2024-01-01 14:34:00,49.66873027126203,36.55154373059804
2024-01-01 14:35:00,67.94557863517788,36.97841905394978
2024-01-01 14:36:00,44.823887009638284,27.18915986710849
2024-01-01 14:37:00,52.237879516388986,28.95389063127736
2024-01-01 14:38:00,49.83577103927248,21.58280903889525
2024-01-01 14:39:00,61.88393273448084,25.970649667519055
2024-01-01 14:40:00,75.26932425873622,34.82425816548729
2024-01-01 14:41:00,44.69131227079679,38.07791411774116
2024-01-01 14:42:00,45.10560557481778,23.82825564060039
2024-01-01 14:43:00,60.44160877069072,27.037678704235528
2024-01-01 14:44:00,56.81891489626312,29.867971215205365
2024-01-01 14:45:00,68.46707325736034,31.400805794098034
2024-01-01 14:46:00,55.839281853259635,25.95198240039177
2024-01-01 14:47:00,46.40707909212941,32.12030522232045
2024-01-01 14:48:00,55.90654830692309,27.63080326464542
2024-01-01 14:49:00,61.087035805829075,29.927738645608603
2024-01-01 14:50:00,58.204821811973645,32.7314212400185
2024-01-01 14:51:00,55.07274031107298,30.032111349054688
2024-01-01 14:52:00,60.666746895891535,27.818070547367157
2024-01-01 14:53:00,61.692955904456724,29.451950980370846
2024-01-01 14:54:00,63.82158991037527,29.558185203973323
2024-01-01 14:55:00,56.48709887589643,28.14994485058936
2024-01-01 14:56:00,48.328819196831454,28.706019686664487
2024-01-01 14:57:00,51.46713686433323,37.99323585252358
2024-01-01 14:58:00,62.06508966508357,32.8045972397062
2024-01-01 14:59:00,41.83064329012764,28.522598409854197
2024-01-01 15:00:00,53.686733088729014,33.48477202255368
2024-01-01 15:01:00,46.06661187672639,28.33090255121995
2024-01-01 15:02:00,50.28744822934817,35.86562318793321
2024-01-01 15:03:00,62.78451862607299,31.84821096099047
2024-01-01 15:04:00,51.910990680199035,29.463489279978855
2024-01-01 15:05:00,50.46436548156149,32.23858462905139
2024-01-01 15:06:00,36.40143859020081,22.145619239657503
2024-01-01 15:07:00,57.46253566027221,24.366162655450974
2024-01-01 15:08:00,56.45484181141075,24.030374968004722
2024-01-01 15:09:00,71.6325472330546,30.714715473818533
2024-01-01 15:10:00,46.92221765046999,38.66257499742546
2024-01-01 15:11:00,52.19150327663939,41.15650073096316
2024-01-01 15:12:00,52.49383683710755,33.19025550720379
2024-01-01 15:13:00,65.77453279763475,32.50422237472228
2024-01-01 15:14:00,49.047044676130476,20.994711329236303
2024-01-01 15:15:00,52.790215257703395,27.28663100132989
2024-01-01 15:16:00,56.078965097165394,26.061081240458805
2024-01-01 15:17:00,51.86609123156358,26.89576200874442
2024-01-01 15:18:00,45.535663854494715,29.159280907076052
2024-01-01 15:19:00,51.94089992898308,27.639547111514364
2024-01-01 15:20:00,60.73631749859772,20.10350094812106
2024-01-01 15:21:00,39.7348470058894,33.73955128058767
2024-01-01 15:22:00,51.32969674146876,24.636284871300965
2024-01-01 15:23:00,42.99879185060827,31.196234320555746
2024-01-01 15:24:00,61.950466289248425,40.370413348749864
2024-01-01 15:25:00,34.76813095216225,25.403077042067885
2024-01-01 15:26:00,44.410781527284115,17.348562386268352
2024-01-01 15:27:00,53.772118750645205,28.569978890599447
2024-01-01 15:28:00,65.65524029234341,35.50479817499286
2024-01-01 15:29:00,49.34249738927012,39.79173727110297
2024-01-01 15:30:00,44.44800473306802,23.852252027737915
2024-01-01 15:31:00,68.8115706944059,32.48349611618261
2024-01-01 15:32:00,35.51986099583756,27.673447716099734
2024-01-01 15:33:00,28.011940433799182,29.47025822847932
2024-01-01 15:34:00,54.40014450053332,43.221716735085174
2024-01-01 15:35:00,44.97945775647389,22.485148358024233
2024-01-01 15:36:00,39.787671828692865,31.268698307472867
2024-01-01 15:37:00,57.08356447299353,32.33846585882716
2024-01-01 15:38:00,52.43800713771199,35.42893162469674
2024-01-01 15:39:00,44.359213692632714,30.48991576735448
2024-01-01 15:40:00,37.19695601329106,31.54025269752051
2024-01-01 15:41:00,58.724573282801444,28.041757162891045
2024-01-01 15:42:00,56.50201177958661,31.345634706225535
2024-01-01 15:43:00,49.00824136220617,28.28403862251295
2024-01-01 15:44:00,68.46636996047665,33.107859449280255
2024-01-01 15:45:00,39.29915233673847,28.15194831978183
2024-01-01 15:46:00,34.74474829075261,31.885501969510933
2024-01-01 15:47:00,43.080919301187556,29.853685931575107
2024-01-01 15:48:00,49.54413983644502,35.63025125386084
2024-01-01 15:49:00,52.43339449322692,29.74303138205757
2024-01-01 15:50:00,47.5876394214367,21.134837658965594
2024-01-01 15:51:00,53.520553965142966,36.30960750356996
2024-01-01 15:52:00,37.48460575809556,25.471338495686904
2024-01-01 15:53:00,64.4376460407326,26.7311683067559
2024-01-01 15:54:00,49.178488216074314,27.02169352978254
2024-01-01 15:55:00,61.172958315881274,36.87219046585409
2024-01-01 15:56:00,53.42725346377704,19.32162893010652
2024-01-01 15:57:00,54.567532191537836,45.688742668299966
2024-01-01 15:58:00,55.69767280232204,35.28028404533026
2024-01-01 15:59:00,54.47708560017315,31.1161945706458
2024-01-01 16:00:00,56.42722759867544,29.725529996918567
2024-01-01 16:01:00,63.29152530132431,31.427770374288286
2024-01-01 16:02:00,51.9652116970147,32.60561214189669
2024-01-01 16:03:00,57.09003757588512,33.22607792975028
2024-01-01 16:04:00,49.102643057127736,32.778022330017244
2024-01-01 16:05:00,64.40117215449473,30.447903406276243
2024-01-01 16:06:00,43.2360769794073,29.01330789846337
2024-01-01 16:07:00,68.00940432910815,29.243633581732443
2024-01-01 16:08:00,49.59842049355657,29.025458598236597
2024-01-01 16:09:00,35.69224897881952,35.66885048433532
2024-01-01 16:10:00,51.28104414910789,32.96778361140431
2024-01-01 16:11:00,43.18948342525119,15.298056826678598
2024-01-01 16:12:00,58.406435489887244,33.279503882648804
2024-01-01 16:13:00,43.47376020697609,30.973680973593876
2024-01-01 16:14:00,45.538165667852205,29.90645621777051
2024-01-01 16:15:00,31.104592690544692,28.05740773455557
2024-01-01 16:16:00,45.47693680750923,35.620563599930065
2024-01-01 16:17:00,25.761206733710434,34.73763231061429
2024-01-01 16:18:00,34.16097176514277,26.135611660881956
2024-01-01 16:19:00,57.604146561442974,32.03526143562267
2024-01-01 16:20:00,57.85800158650832,25.14171632729357
2024-01-01 16:21:00,54.254575617849646,23.101909176055347
2024-01-01 16:22:00,40.33023856870787,26.866413877050174
2024-01-01 16:23:00,49.5228864385802,34.311967361913794
2024-01-01 16:24:00,49.963974609094315,34.76562522688043
2024-01-01 16:25:00,38.416353108074574,32.56542710048647
2024-01-01 16:26:00,65.0339830176715,33.625478934239986
2024-01-01 16:27:00,58.77362290575671,32.58089143557479
2024-01-01 16:28:00,47.79035826170336,26.792592023885238
2024-01-01 16:29:00,50.26885838994531,32.159612723369705
2024-01-01 16:30:00,52.08382807947552,34.00204762613841
2024-01-01 16:31:00,29.582651315757094,33.77145664906787
2024-01-01 16:32:00,47.52822617479403,35.94456685737322
2024-01-01 16:33:00,43.180157520022014,33.54151923600532
2024-01-01 16:34:00,39.983799901050844,31.757241037707914
2024-01-01 16:35:00,47.18899707114045,35.350751191582134
2024-01-01 16:36:00,67.97686526849523,29.8673937037547
2024-01-01 16:37:00,56.4084286126701,25.59062674386141
2024-01-01 16:38:00,44.28821010217203,29.18466518028118
2024-01-01 16:39:00,55.72582781356159,26.275486775967757
